survived,pclass,sex,age,sibsp,parch,fare,embarked,embark_town,who,deck
1,2,female,59.20231498571705,0,0,32.10090090069137,S,Southampton,woman,E
1,3,female,20.519991077953264,0,2,7.8665882097755375,S,Southampton,woman,
0,3,male,39.3893352081303,0,0,10.876357767774573,S,Southampton,man,
1,3,female,33.190096125690886,0,0,13.574281392214889,C,Cherbourg,woman,G
1,1,male,47.22437805158317,2,0,97.33101893340532,S,Southampton,man,
0,1,male,,1,0,134.32145640708174,S,Southampton,man,E
1,1,female,29.44805808692073,4,0,110.12905497328268,S,Southampton,woman,C
0,3,male,18.452149815153433,0,1,8.331440556436695,S,Southampton,man,
0,3,male,35.43961000114763,3,0,11.49536531544174,S,Southampton,man,D
0,3,male,19.511984823470513,0,0,22.342793732941956,Q,Queenstown,man,
0,1,male,57.18742146537272,0,0,97.62001488137179,S,Southampton,man,G
0,3,male,30.911494635158324,0,3,5.773671173284584,S,Southampton,man,
0,3,male,23.88549828163048,0,0,15.956979635811122,S,Southampton,man,
0,1,male,31.585524282108718,1,0,86.49664406495602,S,Southampton,man,C
1,1,female,10.140231946584251,0,0,22.104040806614375,Q,Queenstown,child,
1,1,female,15.397403460850878,0,0,78.71390231568178,S,Southampton,child,
0,2,male,45.80579471122196,0,0,20.8931317518204,S,Southampton,man,
0,3,male,,0,0,11.884382971978626,S,Southampton,man,
0,2,male,14.343246242452846,0,1,43.38153645349198,S,Southampton,child,
0,2,male,36.513138535382005,0,0,16.142490115530496,S,Southampton,man,C
0,3,male,45.59985816528196,1,1,12.59124538335949,S,Southampton,man,F
0,1,male,39.065346349310936,1,0,22.632825180050688,S,Southampton,man,
0,2,male,42.94466760128143,0,0,27.10735814241035,S,Southampton,man,
0,2,male,18.404868760027547,0,0,42.39751592133772,S,Southampton,man,
0,3,male,9.09465066561419,0,0,14.476669348060826,S,Southampton,child,
0,3,male,50.01867112737681,1,0,6.05915057161783,S,Southampton,man,G
1,1,female,,0,0,45.43877056021692,S,Southampton,woman,
0,3,female,25.488337769629336,0,0,7.2734584352778615,C,Cherbourg,woman,F
0,3,male,47.59471798588681,0,0,7.139614002712559,C,Cherbourg,man,
1,1,female,,0,6,104.54294642134474,S,Southampton,woman,B
0,3,male,35.38242880914251,0,0,27.2103102200627,S,Southampton,man,
1,1,female,59.31003282861518,1,2,139.21308921862115,S,Southampton,woman,G
1,1,female,19.990744774678,0,0,209.31483574949587,S,Southampton,woman,
0,3,male,,0,0,23.13335216368755,C,Cherbourg,man,D
0,3,male,29.798183748559183,1,0,5.6316370700381615,S,Southampton,man,
0,3,male,32.7602919040856,1,0,6.340472285123057,S,Southampton,man,
0,2,male,50.39855796977544,0,0,41.919787372981794,C,Cherbourg,man,G
0,1,male,36.109700588054736,0,0,145.40276014017599,C,Cherbourg,man,
0,3,male,36.53614510669486,0,2,11.95427424704507,S,Southampton,man,C
0,2,male,,2,1,18.29160780349578,S,Southampton,man,
1,1,female,23.890661786399605,0,0,46.57019410961644,S,Southampton,woman,
1,3,female,17.251064657253913,2,0,15.790549505550805,S,Southampton,child,
0,1,male,14.37267128370553,1,0,153.91706215298737,Q,Queenstown,child,
0,3,male,1.4710077487359747,0,0,3.5987542410455973,C,Cherbourg,child,
0,2,male,57.78689981916451,0,0,12.020177686990579,C,Cherbourg,man,
0,3,male,13.555082879896435,0,2,12.337651060667193,S,Southampton,child,
1,2,female,25.90244926979919,0,0,37.760808111550745,C,Cherbourg,woman,
0,3,male,25.12461380155511,0,0,11.700522758881723,S,Southampton,man,
0,3,male,33.30369376932741,0,0,6.392998303014767,S,Southampton,man,
0,1,male,40.420320975550155,3,0,189.9216017428069,S,Southampton,man,B
0,3,male,41.04662883703644,0,0,20.325966037972325,S,Southampton,man,
1,3,female,20.836915860034864,1,0,14.13265855364368,C,Cherbourg,woman,A
1,3,female,26.66029600699024,0,0,12.11205632719165,S,Southampton,woman,
0,3,male,32.95611930683619,0,0,20.643043452609874,S,Southampton,man,
0,3,male,,0,0,16.25442461979868,S,Southampton,man,
0,3,male,51.5028380642799,0,5,29.018628178519588,S,Southampton,man,
1,1,female,35.87364932293552,2,0,89.0441988690388,S,Southampton,woman,
1,1,female,39.28828900469745,0,0,103.27057436080611,S,Southampton,woman,
0,1,male,38.28033776134378,0,0,512.0,C,Cherbourg,man,
0,2,male,45.428634004794546,0,0,15.950260540375343,S,Southampton,man,
1,2,female,31.534301821851898,0,0,48.84199364112645,S,Southampton,woman,
0,2,male,10.844352728618148,0,1,40.854552256753756,S,Southampton,child,G
1,3,female,34.59563132453698,1,0,21.67551106319339,C,Cherbourg,woman,
0,2,male,19.881003486914395,1,0,37.607406055473604,S,Southampton,man,
0,2,male,21.599366455503404,0,0,29.096209886537444,S,Southampton,man,
0,3,male,,0,0,4.042603139912883,S,Southampton,man,
0,1,male,46.335963000070905,0,1,238.32189251207274,S,Southampton,man,
0,3,male,29.29780207430486,0,1,9.770125232688752,S,Southampton,man,
1,1,female,33.3236621763855,0,0,77.43090461776251,C,Cherbourg,woman,
0,3,male,,0,1,5.476854781798806,S,Southampton,man,
0,3,male,32.370544512839956,0,0,24.59887178833208,S,Southampton,man,
0,1,male,,0,4,122.71870429983458,C,Cherbourg,man,
1,1,male,36.91713503884162,0,0,25.189177837986772,S,Southampton,man,
0,3,male,4.349321371818551,0,4,6.693542283607355,S,Southampton,child,
0,3,male,39.546782695463456,0,0,4.252168500858189,S,Southampton,man,
1,3,female,34.33621738835889,0,0,12.89341273892593,S,Southampton,woman,
0,3,male,47.05653855715844,1,0,36.00484348665367,S,Southampton,man,
0,1,male,38.424538917779415,0,5,24.493603876378103,S,Southampton,man,
0,2,male,27.061616224227166,0,1,37.84858922546848,C,Cherbourg,man,
1,1,female,11.85982469194888,0,0,79.44882587013554,Q,Queenstown,child,B
1,3,female,,1,0,14.002792622475496,S,Southampton,woman,
1,3,female,17.0927136410698,0,0,16.433631181660292,S,Southampton,child,
0,2,male,20.872671702733882,0,0,26.909658858650186,S,Southampton,man,
0,1,male,37.240097661888534,0,0,73.65269256550313,C,Cherbourg,man,
0,2,male,,1,0,57.60819919919051,S,Southampton,man,
0,2,male,34.525401417521735,2,1,16.686342970167946,S,Southampton,man,
0,3,male,12.257637131507419,0,0,11.629016766161227,C,Cherbourg,child,D
0,3,male,35.22443735508197,1,1,11.76279904995519,S,Southampton,man,
0,3,male,,2,0,20.00219445726874,C,Cherbourg,man,
0,3,male,20.46303933952865,2,0,6.426182734452948,S,Southampton,man,
1,1,female,,0,0,508.3497178892781,C,Cherbourg,woman,
0,3,male,29.20563472620876,0,0,38.36721356329939,C,Cherbourg,man,
0,3,male,18.01142361684864,0,0,24.494193551188438,S,Southampton,man,
0,3,female,38.075926073814024,1,0,27.371639684014188,S,Southampton,woman,
0,3,male,27.306725919491058,0,0,12.362393771447055,S,Southampton,man,
1,3,female,34.87345421469839,0,0,14.770006523442605,Q,Queenstown,woman,
0,3,male,16.5751095107706,0,0,22.22775426201787,S,Southampton,child,
0,2,male,22.875583795472252,1,0,11.314659907440364,S,Southampton,man,
1,1,female,39.1133390095888,1,1,64.27076570652243,S,Southampton,woman,
1,1,female,23.780335870715263,0,2,38.61209998801371,S,Southampton,woman,
1,1,female,53.17749391726767,1,0,227.16399680030185,S,Southampton,woman,
0,3,male,,0,0,10.317756949127068,S,Southampton,man,
0,2,male,32.145586160526406,1,0,22.615785800901673,S,Southampton,man,F
0,3,male,,0,2,5.740253699090862,Q,Queenstown,man,F
0,3,male,9.142879738937555,0,0,8.731961058735958,S,Southampton,child,
1,2,female,4.3486766322691395,2,0,35.48530316494887,S,Southampton,child,D
0,2,male,7.640811596018672,0,0,13.850627028965672,C,Cherbourg,child,
1,3,female,46.67617744798055,1,0,12.019596612018171,S,Southampton,woman,
0,1,male,21.273985957505744,0,0,54.27337640110865,Q,Queenstown,man,C
0,1,male,64.81478999935553,0,1,32.269802765286656,S,Southampton,man,
0,2,male,21.10053361879656,0,0,18.284831704622526,S,Southampton,man,C
1,1,female,31.58371824475852,0,0,100.20017300635428,S,Southampton,woman,
1,3,female,,0,0,23.20048459905792,S,Southampton,woman,C
1,3,female,57.08530043422772,0,0,8.343582408494544,S,Southampton,woman,
1,3,female,57.86105007290957,0,2,10.188706663256324,S,Southampton,woman,
0,3,female,45.917127228304,0,0,19.32537488528922,C,Cherbourg,woman,
1,3,female,43.33687536136047,3,1,8.877913498555136,S,Southampton,woman,
0,1,male,37.29537728881657,3,0,120.41748301964432,S,Southampton,man,D
0,3,male,,0,0,15.475502018446157,S,Southampton,man,
0,3,male,21.283399971400534,1,2,19.51358811650381,Q,Queenstown,man,E
0,3,female,17.5452156320877,0,0,4.192894985069228,S,Southampton,child,
0,3,female,28.95275759624667,0,1,18.70605727638206,S,Southampton,woman,
0,2,male,26.617415284651003,1,0,31.196109115862715,S,Southampton,man,
1,1,female,22.654807309418146,2,1,71.89070245567338,S,Southampton,woman,
1,1,female,,0,0,35.55952022422594,S,Southampton,woman,
0,2,male,42.37427291998715,1,0,14.650688961211658,Q,Queenstown,man,
0,3,male,30.237696408085863,0,1,27.44193145199315,S,Southampton,man,
1,3,female,,5,2,27.328852099231526,C,Cherbourg,woman,A
0,1,male,13.016352402130929,0,2,136.4334344926589,S,Southampton,child,F
0,3,female,26.288767570083948,0,1,14.509845091972165,S,Southampton,woman,F
0,2,male,18.964487511560733,0,1,23.16780997446309,C,Cherbourg,man,C
1,1,female,2.8684873609771593,1,0,512.0,S,Southampton,child,
1,1,female,,0,0,149.3298556564277,Q,Queenstown,woman,
1,2,female,27.29553488263403,2,0,27.253543702166272,S,Southampton,woman,
0,3,male,,0,0,15.531870050753783,Q,Queenstown,man,
1,2,female,37.83136358376689,0,0,16.62574848335462,S,Southampton,woman,
1,3,female,,0,0,7.298291319421314,S,Southampton,woman,B
0,3,male,54.95729592867863,0,0,26.424099268213443,S,Southampton,man,F
1,2,female,46.09447173735494,0,0,16.312350258512296,S,Southampton,woman,A
0,3,male,37.14936784856062,0,0,41.64681747876512,S,Southampton,man,
0,3,male,25.829222616102353,0,0,4.593786538378447,S,Southampton,man,
0,2,male,15.567850685871283,0,0,18.658396114996247,S,Southampton,child,
0,3,male,23.789105135005258,0,1,12.42341877126909,S,Southampton,man,
0,2,male,44.2424806758586,1,0,24.96322570806668,C,Cherbourg,man,
1,2,female,55.384208283084526,1,0,16.426572466988972,S,Southampton,woman,
0,1,male,50.605409395810646,0,0,237.94914294671432,S,Southampton,man,A
1,3,female,22.156108094992163,0,0,6.194375633614448,S,Southampton,woman,
0,3,male,13.325355933953844,0,0,6.085051328547385,S,Southampton,child,
1,1,male,30.972407456756855,0,0,18.938805249797685,S,Southampton,man,
0,2,male,4.2418488821200775,0,0,39.56327830694429,S,Southampton,child,
0,3,female,33.52434799858694,0,0,8.854035553454064,Q,Queenstown,woman,G
1,1,male,,0,0,34.268184808995784,C,Cherbourg,man,
0,1,male,,0,2,52.532200619064724,S,Southampton,man,
1,3,female,6.674157058264864,0,2,31.919387296228887,S,Southampton,child,
0,3,male,36.19040149197603,1,0,25.390162771397623,S,Southampton,man,D
0,2,male,,3,0,21.97582827096856,S,Southampton,man,
0,3,male,12.621164300055966,0,0,6.9627690977305585,S,Southampton,child,
1,3,female,0.5,0,0,3.5,S,Southampton,child,B
0,1,male,28.61479132929109,1,2,43.00440282239541,S,Southampton,man,
1,3,female,53.81152235337642,2,0,19.29475092156237,S,Southampton,woman,
0,2,male,,0,1,63.18682918205072,S,Southampton,man,
1,3,female,22.600652407792193,0,0,16.06235517334882,C,Cherbourg,woman,
1,3,female,20.56903115493507,0,3,4.88710160541695,S,Southampton,woman,
1,3,female,35.562839585050334,0,0,19.663913477124684,C,Cherbourg,woman,
0,1,male,15.02260385136392,0,1,136.65576366970996,Q,Queenstown,child,G
1,3,female,33.225086597472526,0,0,12.271773764634071,S,Southampton,woman,B
0,2,male,39.725123897385664,0,0,22.662943684214206,S,Southampton,man,
0,1,male,46.17706513438031,0,0,268.30027542373375,S,Southampton,man,
0,1,male,27.59784292928066,1,0,52.04426964856466,Q,Queenstown,man,
1,3,female,26.148567497522478,0,2,21.773130885122285,Q,Queenstown,woman,
0,3,female,16.708243785408143,0,2,15.477622862272018,S,Southampton,child,
1,1,female,,0,1,327.26113301590186,S,Southampton,woman,
0,3,male,,0,0,14.80248306413959,C,Cherbourg,man,
0,1,male,34.14311709542649,3,1,27.12008873238064,S,Southampton,man,
1,3,female,41.790184767265494,0,0,4.32491993814066,C,Cherbourg,woman,
0,1,male,17.755494690475174,0,0,59.75176655845649,Q,Queenstown,child,
0,3,male,49.8976399654333,1,0,11.983963820153566,S,Southampton,man,
0,2,male,25.204269585404038,0,0,22.714447309653448,S,Southampton,man,
0,3,male,28.700857879121894,1,0,18.396749276640563,S,Southampton,man,
0,1,male,18.539036491930474,0,0,41.43496861434645,S,Southampton,man,
0,2,male,0.5,0,0,15.76828385456459,S,Southampton,child,G
0,1,male,,0,1,47.41405640944626,C,Cherbourg,man,
0,3,male,39.31581455929407,0,0,13.069411890074878,Q,Queenstown,man,
1,3,female,25.061414200345013,1,0,14.037526217778703,Q,Queenstown,woman,
0,2,male,29.93787004114821,1,0,29.041941313572956,S,Southampton,man,
0,3,male,36.22314904785739,0,0,9.673281245052996,C,Cherbourg,man,
1,3,female,7.1243580035884015,0,0,10.767580388813775,C,Cherbourg,child,
0,3,male,21.59326251715187,1,0,31.92444124142325,S,Southampton,man,
1,3,female,,2,0,3.5,S,Southampton,woman,C
1,2,female,11.439948075630507,0,0,38.029306767065805,S,Southampton,child,G
0,1,male,33.10981105033281,0,0,223.7251970160464,Q,Queenstown,man,
0,3,male,,0,1,5.348159524654535,S,Southampton,man,
1,3,female,,1,0,24.728718932373795,C,Cherbourg,woman,A
1,3,female,28.50101924783523,0,0,18.89956378311218,S,Southampton,woman,
0,2,male,,0,1,23.794423488017962,S,Southampton,man,G
0,2,male,45.3063509624004,1,0,16.871066309337383,S,Southampton,man,
0,3,male,18.71571792482731,0,0,41.926035280775295,S,Southampton,man,
1,3,female,17.656465881798667,0,1,17.034391027585947,S,Southampton,child,
0,3,male,31.807968761233198,0,0,11.09077380916403,S,Southampton,man,F
1,3,female,45.080922892002015,0,0,14.965623830346187,C,Cherbourg,woman,
0,3,male,14.778494534302443,0,0,25.689477621916904,S,Southampton,child,
0,1,male,,0,0,73.06369747110868,S,Southampton,man,
0,1,male,35.00343100462802,0,0,65.84684757771954,S,Southampton,man,
0,3,male,38.70347850168402,0,0,10.12111657469844,S,Southampton,man,C
0,3,male,31.47018177388115,1,0,3.5,S,Southampton,man,
0,1,male,23.861610252833486,1,0,69.59550621519065,S,Southampton,man,
0,1,male,17.413736910917926,0,0,265.63211175685564,C,Cherbourg,child,
0,3,female,,0,0,12.576570360599954,S,Southampton,woman,C
0,1,male,,0,0,38.41076756652157,C,Cherbourg,man,
1,1,male,0.5,0,0,42.14134398067809,Q,Queenstown,child,
1,3,female,35.11183725820735,0,0,33.32372221227582,S,Southampton,woman,
1,3,female,,0,2,5.0718186448236775,S,Southampton,woman,G
1,3,female,0.5,0,0,24.89722643164308,S,Southampton,child,
1,1,female,14.863770134060875,0,0,40.24174215519446,Q,Queenstown,child,
0,3,male,37.66815965407277,0,0,4.350888386425317,Q,Queenstown,man,E
0,1,male,57.80493657596378,1,0,46.67975945644331,S,Southampton,man,
1,2,female,,0,2,20.090905595979063,C,Cherbourg,woman,
1,3,female,18.807958822792116,0,0,7.195886812259723,S,Southampton,woman,
0,3,male,26.43944982453224,0,2,5.236994070840793,Q,Queenstown,man,
1,3,female,48.24826986807459,1,0,10.675903402514848,Q,Queenstown,woman,E
0,3,male,19.956501492256507,1,0,11.285919384605206,S,Southampton,man,
0,3,male,,0,0,12.956366864889471,S,Southampton,man,
0,1,male,22.241590689451545,0,1,27.156267721693574,S,Southampton,man,
0,2,male,15.653399484378028,0,0,12.777748734851262,S,Southampton,child,B
0,2,male,30.717384423927136,0,0,15.692807606315323,C,Cherbourg,man,
0,2,male,51.745498418573845,0,0,10.797449428366878,S,Southampton,man,
1,3,female,33.52310982362441,1,0,11.138227411798796,S,Southampton,woman,
0,2,male,25.467050970231973,0,2,13.48620355308959,S,Southampton,man,
0,3,male,24.914642235182384,1,0,15.063315916812446,Q,Queenstown,man,
1,3,female,7.115328678246801,0,0,6.7694501284471995,S,Southampton,child,
1,3,female,41.363536880060224,0,0,13.43705532099814,S,Southampton,woman,
1,3,female,27.91027924182077,1,0,26.80115514235905,S,Southampton,woman,
1,3,female,26.47328120973124,0,2,6.894684709849093,Q,Queenstown,woman,C
1,3,female,,0,0,23.028987652806716,C,Cherbourg,woman,
0,1,male,33.18254071711961,0,0,296.87494986916334,S,Southampton,man,A
0,3,male,18.47492529866742,0,1,34.88011448327408,S,Southampton,man,A
0,2,male,23.030993653122394,5,0,12.025037583570324,S,Southampton,man,G
1,1,male,45.07823992875457,0,0,53.91808170877152,S,Southampton,man,
0,3,male,30.585785747528703,4,0,18.39986026397969,S,Southampton,man,A
1,1,female,8.864108303556865,3,0,63.612723469373925,Q,Queenstown,child,
0,3,male,41.86920508405285,1,0,7.3531610200254995,S,Southampton,man,E
0,3,male,19.645982802454085,0,2,9.145812182799151,C,Cherbourg,man,
0,3,male,55.22616886704564,0,0,11.860767214064715,S,Southampton,man,C
1,2,female,44.12067292000508,1,0,7.07161561813452,S,Southampton,woman,
0,1,male,22.737493460777483,0,2,51.349849400079535,C,Cherbourg,man,
1,3,female,46.934229064291586,0,0,12.352375532297355,S,Southampton,woman,
0,2,male,29.949977147383645,0,0,17.89101662269747,S,Southampton,man,C
0,3,male,40.938831451711074,0,0,13.681836427964887,S,Southampton,man,
0,3,male,35.78625944212265,0,2,26.733543871346395,S,Southampton,man,
1,3,female,17.15100683012777,0,0,11.65100919156003,S,Southampton,child,G
0,2,male,19.990302347555534,0,1,22.01531618223318,S,Southampton,man,
1,2,female,,1,1,15.338702808113181,Q,Queenstown,woman,
0,3,male,24.313145350508428,0,0,12.930492593081373,S,Southampton,man,
0,2,male,23.348921514612044,2,0,39.03528601805992,C,Cherbourg,man,
1,1,female,15.628283889109058,1,1,287.7982165240066,S,Southampton,child,
1,3,female,,1,0,8.235738386828318,C,Cherbourg,woman,
0,3,female,57.87534886940403,0,1,8.442628626779925,S,Southampton,woman,
1,3,female,14.05453920044018,1,2,8.874691613122987,C,Cherbourg,child,
1,3,female,,0,0,27.435601535126104,S,Southampton,woman,F
1,1,female,48.771087775816014,1,0,14.775325670829895,S,Southampton,woman,
1,3,female,27.885020522559987,0,1,15.446142578215417,S,Southampton,woman,
1,3,female,,1,1,12.435597034409433,S,Southampton,woman,
1,1,female,14.126490605943683,5,0,100.89713093586721,S,Southampton,child,E
0,3,male,34.99629936090708,0,0,14.670461750309682,S,Southampton,man,B
0,3,female,26.379980289936316,0,0,16.207128804395367,S,Southampton,woman,
0,3,male,42.80021993951808,1,0,17.353314729114558,C,Cherbourg,man,
1,3,female,,0,0,3.5,S,Southampton,woman,
1,3,female,,1,0,27.655749562041724,S,Southampton,woman,
0,2,male,,0,0,14.854168727590983,C,Cherbourg,man,
1,2,female,,0,0,20.78691808156117,S,Southampton,woman,B
0,3,male,31.721380222082704,3,0,19.003900896007984,S,Southampton,man,
0,3,male,24.055671900650363,0,0,7.199285238246615,S,Southampton,man,
1,3,female,33.73877380846368,1,0,18.106590199271302,Q,Queenstown,woman,
0,3,male,24.864380258053586,0,0,9.666864971998159,C,Cherbourg,man,
1,3,female,,0,0,3.5154716291155443,C,Cherbourg,woman,
1,3,female,47.44636549851144,0,0,24.54836259602633,S,Southampton,woman,
0,3,male,14.908404086085024,0,0,7.652045687261325,C,Cherbourg,child,
0,3,male,44.95829985580664,1,0,7.2958370791122125,S,Southampton,man,
0,3,male,47.439610942758115,0,2,9.56547707857056,S,Southampton,man,
0,3,male,27.347040622124897,0,0,14.344147728090533,S,Southampton,man,
1,3,female,0.5,0,2,11.770986746760709,S,Southampton,child,
0,2,male,20.490492180677947,1,0,35.54896874308164,S,Southampton,man,
0,2,male,47.157923651855526,0,0,23.4299651919205,S,Southampton,man,
0,1,male,28.679847127815652,1,2,36.27868320302532,S,Southampton,man,
0,3,male,15.009768747871249,0,0,11.363446502758244,S,Southampton,child,D
1,1,female,21.933151102804956,0,0,208.9922828277391,S,Southampton,woman,
0,3,male,40.768680371063745,1,0,11.378350568672381,S,Southampton,man,
1,3,female,36.65426995481931,0,0,23.362527694281308,C,Cherbourg,woman,
0,2,male,25.65495061162428,0,0,13.401955704174382,S,Southampton,man,
1,3,female,23.864458234594373,0,0,9.11393733869264,C,Cherbourg,woman,
0,1,male,23.515385913386496,0,0,10.196375028944537,S,Southampton,man,A
0,1,male,16.086257417020967,1,0,44.72736290572048,S,Southampton,child,A
1,3,female,,0,2,17.49976484440202,S,Southampton,woman,
0,2,male,24.487513431041243,1,0,40.83181757620491,S,Southampton,man,
1,1,female,46.04021929155695,0,0,104.51618199672411,C,Cherbourg,woman,
1,3,female,50.29842472691432,0,1,24.83481767912958,S,Southampton,woman,A
0,3,male,,2,0,6.828644269195406,S,Southampton,man,
0,1,male,22.957315621947323,0,0,114.39158496466534,C,Cherbourg,man,
1,3,female,34.65222126471253,0,0,7.888598423535487,S,Southampton,woman,
0,1,male,28.661261510527172,0,0,13.561539688419172,S,Southampton,man,B
0,1,male,16.348173949778207,0,0,122.91472949214089,S,Southampton,child,
0,3,male,33.54102994410244,0,1,18.87548069735842,S,Southampton,man,
0,3,male,12.493442923762764,0,2,6.968492888252927,S,Southampton,child,
0,3,male,45.627511438461894,0,0,12.501124296615101,S,Southampton,man,
1,3,female,,0,0,18.395659620667363,Q,Queenstown,woman,A
1,3,female,31.81623518221975,0,0,3.5283076438326706,S,Southampton,woman,
1,3,female,,0,0,43.50947734646649,S,Southampton,woman,E
1,2,female,25.37533036814292,0,2,13.91531325876673,S,Southampton,woman,
0,3,male,37.213713220653844,0,0,3.6145813934421858,Q,Queenstown,man,
1,2,female,,3,0,18.30370756076076,C,Cherbourg,woman,
0,2,male,,0,1,21.959506699749394,S,Southampton,man,
0,1,male,,1,0,53.16861682105604,S,Southampton,man,
0,1,male,30.769314113649767,0,0,53.32599970573068,S,Southampton,man,
0,3,male,56.14500598681599,0,0,19.07668641299812,S,Southampton,man,B
0,3,female,14.995361455521953,0,1,14.566519561277506,S,Southampton,child,
1,3,female,,0,0,15.960124302491419,S,Southampton,woman,
0,2,male,,0,1,16.35830443791333,S,Southampton,man,D
0,1,male,,0,0,61.40845948741191,Q,Queenstown,man,
1,1,female,,0,1,12.478868579135078,S,Southampton,woman,
0,2,male,35.84861982206729,2,1,24.88805033466613,Q,Queenstown,man,
0,3,male,37.88610055986478,0,0,12.667184840895137,S,Southampton,man,E
0,3,male,44.535797787387125,0,0,19.845320646267364,S,Southampton,man,A
1,3,female,,1,0,7.342560865571368,S,Southampton,woman,
1,2,female,25.622392835340406,0,0,33.245524926506704,S,Southampton,woman,G
0,3,male,38.41603181683824,0,0,13.384453002187383,S,Southampton,man,
0,3,male,55.59834708853302,1,0,14.421761704906068,S,Southampton,man,D
1,3,female,27.14312755064397,1,0,29.777695665488675,S,Southampton,woman,
1,3,female,,1,0,5.684725108485164,S,Southampton,woman,G
0,2,male,44.49912937001762,0,0,39.593003022464245,C,Cherbourg,man,
1,2,female,27.314663704649625,0,0,23.265106950211084,S,Southampton,woman,
0,2,male,0.5,2,0,45.454100572745936,S,Southampton,child,
0,3,male,40.863903480105904,0,1,5.614961144972632,S,Southampton,man,
1,1,female,21.50540539664508,0,0,48.55939818026394,Q,Queenstown,woman,
0,1,male,27.732534047741748,0,0,100.18890490134444,S,Southampton,man,
0,1,male,33.647724627966205,0,2,63.74260127436963,S,Southampton,man,
0,1,male,31.66699551690693,0,0,179.09796955208046,S,Southampton,man,
0,3,male,38.93232543994655,0,2,30.973101073054213,S,Southampton,man,
1,3,female,22.903190812022192,0,0,6.2418749561814195,Q,Queenstown,woman,E
0,3,male,36.18348117446516,0,0,4.290815931577676,S,Southampton,man,
1,1,female,,1,0,126.70039614437084,S,Southampton,woman,
0,3,male,39.34334673242504,0,0,3.5,S,Southampton,man,
0,3,male,37.615144776182746,0,0,10.778162955592947,S,Southampton,man,
0,1,male,15.903858171375665,0,0,47.78771524792859,Q,Queenstown,child,
1,2,female,44.20374962645045,0,0,21.236309765452795,S,Southampton,woman,
0,2,male,21.496511768403327,0,0,23.166801551758244,S,Southampton,man,
1,3,female,,0,0,11.770089457704,S,Southampton,woman,
0,3,male,34.142022387618766,1,0,11.816767847523868,S,Southampton,man,D
1,1,female,,2,0,23.34136084943771,C,Cherbourg,woman,
0,2,male,25.87147624679407,0,0,26.298564172097173,S,Southampton,man,
0,3,female,,0,2,6.530825154792745,S,Southampton,woman,
1,3,female,28.728125517571744,0,0,33.53295991305965,C,Cherbourg,woman,
1,3,female,24.755483040320144,1,2,14.112607836110184,S,Southampton,woman,
1,3,female,40.1991866271887,1,1,18.8417740332926,S,Southampton,woman,
1,1,female,6.3716514818877705,0,0,495.0169940024064,S,Southampton,child,
0,1,male,14.248446131951043,0,0,29.722000873968085,Q,Queenstown,child,
0,3,male,14.050759097891296,1,0,10.441294350600185,S,Southampton,child,
0,1,male,42.30430628763006,0,0,364.85004260014904,C,Cherbourg,man,G
1,3,female,,0,0,6.959699886686776,S,Southampton,woman,B
0,3,male,27.5377109404754,0,0,6.698214672911484,S,Southampton,man,
1,3,female,,0,0,18.410537370460855,S,Southampton,woman,
0,2,male,29.98073028358454,1,0,73.0,S,Southampton,man,
0,3,male,45.26629623651466,2,0,7.298772238462149,S,Southampton,man,
0,3,male,16.01705612133196,0,0,8.282045631133192,S,Southampton,child,D
1,3,female,32.33716575828699,0,1,18.529644278060356,S,Southampton,woman,
0,3,male,42.65276681695401,0,0,8.352636882134325,C,Cherbourg,man,
0,2,male,,0,0,21.80987927762741,Q,Queenstown,man,
0,3,male,31.654142632382406,0,0,12.292835956996896,S,Southampton,man,
0,3,male,43.01464529593998,0,0,3.855846887625071,S,Southampton,man,G
1,1,male,0.5,0,0,115.51699796768926,S,Southampton,child,
0,1,male,38.49025447343271,0,0,64.93110290843546,S,Southampton,man,F
1,1,female,19.842940436216068,0,0,101.97748969498254,C,Cherbourg,woman,
1,1,male,3.3711394440096036,0,0,409.7080399495103,S,Southampton,child,B
1,1,male,36.15683639334973,0,2,131.85913174133077,S,Southampton,man,
0,3,male,48.23121963228141,0,2,18.7557655249432,C,Cherbourg,man,
0,1,male,27.075720795212312,4,0,54.587350653844084,S,Southampton,man,
0,2,male,,0,0,59.95973221806968,S,Southampton,man,
0,3,male,51.571895611841036,0,0,17.98124293740841,S,Southampton,man,
0,1,male,47.408802350176664,1,0,74.94086159824607,S,Southampton,man,
0,3,male,51.9595034111995,8,0,53.059925663609725,S,Southampton,man,
1,2,female,,0,0,19.81814441222442,C,Cherbourg,woman,
1,1,female,30.0560709446223,1,2,270.15162013544114,C,Cherbourg,woman,
1,3,female,6.572478633439641,0,0,15.36284201992759,S,Southampton,child,
0,3,male,25.55512516618072,0,0,27.538321937533823,Q,Queenstown,man,C
0,3,male,17.194547665573317,0,0,11.153086738323951,S,Southampton,child,
0,3,male,,0,0,8.215524183267071,C,Cherbourg,man,
0,3,male,26.537598625947286,1,0,20.581525450212123,S,Southampton,man,
1,2,female,30.7248672949828,0,2,29.336447452117092,C,Cherbourg,woman,
0,1,male,36.72079526456655,0,0,102.94207135597054,C,Cherbourg,man,
0,3,male,29.610434249214354,0,0,7.3848986650241075,S,Southampton,man,
0,3,male,,0,0,4.346612086574814,Q,Queenstown,man,
1,3,female,20.28290893571767,0,0,14.036842019721695,C,Cherbourg,woman,
0,2,male,,1,0,11.950754525610606,C,Cherbourg,man,
0,2,male,18.605411800227323,1,0,18.96157476216406,S,Southampton,man,
0,3,male,10.51968484291012,1,0,28.84272260485161,C,Cherbourg,child,
0,2,male,20.435232727326003,1,1,30.561050699303355,C,Cherbourg,man,
0,3,male,28.48148484132223,0,0,6.470007883749226,S,Southampton,man,
0,3,male,22.98976885675836,1,0,11.70085382553285,Q,Queenstown,man,
0,2,male,19.306106281766017,0,0,12.047837403570584,S,Southampton,man,E
0,3,male,9.311555508594324,0,1,19.336243546187237,S,Southampton,child,
0,3,male,27.836521983198274,0,0,7.65242281516353,S,Southampton,man,F
1,1,male,7.933914763565969,0,0,445.6219470091759,S,Southampton,child,G
0,3,male,,0,0,39.652348516215326,S,Southampton,man,D
1,3,female,30.154156541083047,0,0,11.89970468971225,S,Southampton,woman,C
1,3,female,8.594279007490972,1,0,25.785859289326403,Q,Queenstown,child,
0,2,male,24.671072921301914,0,1,15.620677799417747,S,Southampton,man,
0,3,male,18.469810321731835,0,0,23.222762147036246,S,Southampton,man,A
0,2,male,33.46844314586853,3,0,26.008283594975527,S,Southampton,man,
0,1,male,,0,0,31.46198432617616,S,Southampton,man,E
0,3,female,2.747585424959574,0,1,12.0692650990041,Q,Queenstown,child,
0,1,male,30.61036510806384,0,0,71.72891846900446,S,Southampton,man,
1,2,female,26.758140862067034,0,0,28.935143524022752,C,Cherbourg,woman,
0,3,male,,0,0,8.36829691920153,S,Southampton,man,B
0,3,male,31.984752795327648,0,0,6.773697092243986,S,Southampton,man,
0,3,female,18.472429355656534,0,0,13.109613325631512,S,Southampton,woman,
1,3,female,24.533244900667345,0,0,9.474670102528604,S,Southampton,woman,
1,2,female,,0,0,47.86978618306996,S,Southampton,woman,D
1,2,female,44.06409994038037,0,0,23.54405036615803,S,Southampton,woman,
0,2,male,29.298363081407192,0,0,28.594815680495064,S,Southampton,man,
1,3,female,55.6166696005421,1,0,23.87661497736153,C,Cherbourg,woman,
0,3,male,28.150748606595307,0,0,8.193858966895494,S,Southampton,man,
1,3,female,19.08230526325352,0,1,8.944481734373836,S,Southampton,woman,
0,3,male,7.807998503420421,1,2,9.262568916626513,S,Southampton,child,
1,1,female,,0,2,46.45381334036544,S,Southampton,woman,
0,3,male,6.822096797923145,0,1,16.0185863210385,C,Cherbourg,child,
0,1,male,32.73977311416077,0,0,48.689393624080935,S,Southampton,man,
0,3,male,36.122150325219074,1,0,22.487984139046805,S,Southampton,man,E
1,2,female,,1,0,12.907473464686495,Q,Queenstown,woman,
0,3,male,,0,0,6.487570254108199,S,Southampton,man,
0,2,male,22.237145276431846,1,0,31.36594516396695,S,Southampton,man,
1,1,male,31.055102167797692,0,0,75.24496376234826,S,Southampton,man,B
0,1,male,51.57108879557594,0,0,80.63997556413949,S,Southampton,man,D
1,3,female,41.55575042211745,0,0,13.934337593697904,C,Cherbourg,woman,G
0,3,male,25.24057092931835,0,0,3.7889344362728514,C,Cherbourg,man,
1,1,female,16.523308844185976,1,2,335.46186740148806,Q,Queenstown,child,
1,1,male,0.5,0,0,111.10728865192809,S,Southampton,child,
0,3,male,18.93185353060612,0,0,6.98013333893559,S,Southampton,man,D
1,1,female,26.044176656412276,2,2,512.0,C,Cherbourg,woman,
1,3,female,,0,0,15.077490214872691,S,Southampton,woman,G
0,3,male,27.162402460707735,0,0,4.114179292093723,S,Southampton,man,
0,1,male,30.075926361422756,0,0,26.24744788377798,S,Southampton,man,
1,1,female,25.8520162546869,1,0,233.33191564184415,S,Southampton,woman,
0,3,male,19.899963868471563,1,1,9.269410323208925,S,Southampton,man,
1,2,female,31.361165407534187,0,0,11.695563878524057,C,Cherbourg,woman,B
1,2,female,35.187169093971725,0,0,12.55683466952742,C,Cherbourg,woman,
1,3,female,13.734412915800156,0,0,18.6259373997081,S,Southampton,child,
0,3,male,48.753053316447776,1,0,24.7036673551333,S,Southampton,man,
1,3,female,27.619766148020336,0,2,15.562770376541165,S,Southampton,woman,
0,3,male,29.263894721227867,0,0,5.336764373323286,C,Cherbourg,man,G
0,2,male,,2,0,31.584565692591028,S,Southampton,man,E
0,1,male,,0,0,55.03905890690444,S,Southampton,man,B
0,3,male,42.34391287478543,0,0,18.815756607447426,S,Southampton,man,
1,3,female,33.01973831282554,0,2,50.47975579116963,S,Southampton,woman,C
1,2,female,20.42587675503387,3,0,12.284393204058134,S,Southampton,woman,
1,3,female,34.06104935288542,0,0,14.084589309995579,C,Cherbourg,woman,
0,1,male,12.987833097510734,0,0,170.49008454655086,S,Southampton,child,A
0,3,male,30.519835880871323,0,1,11.918025191688463,S,Southampton,man,D
0,1,male,28.53478013097755,0,0,21.095760769294486,S,Southampton,man,
1,3,female,26.086363998184446,0,1,12.315127090328136,S,Southampton,woman,
0,1,male,27.20047483985497,0,0,256.9455364156887,C,Cherbourg,man,
1,1,female,2.6541133630330513,8,2,87.4252020565941,S,Southampton,child,F
0,1,male,21.31785129162654,0,0,195.412971469502,C,Cherbourg,man,B
0,3,male,30.299828615975606,0,0,20.306776082877082,S,Southampton,man,
1,3,female,,0,0,7.058211821941797,S,Southampton,woman,
0,3,male,14.612548027036587,0,0,9.292599041893407,S,Southampton,child,
1,3,female,46.71990977210581,1,2,6.614426558247709,S,Southampton,woman,
1,2,female,16.873552124996987,0,1,14.847844723531585,S,Southampton,child,C
0,2,male,42.572400807374315,0,0,13.585580894623947,C,Cherbourg,man,
0,3,male,34.980721066203586,0,0,7.097417057738304,S,Southampton,man,
0,1,male,19.952817662186757,0,0,179.75927147811433,S,Southampton,man,
1,3,female,53.85435249653317,0,0,7.033706326037741,C,Cherbourg,woman,E
0,1,male,12.28908435540928,0,0,33.174706776438846,Q,Queenstown,child,
0,3,male,,1,0,9.009492536647663,S,Southampton,man,D
0,1,male,,2,0,52.821040094944124,Q,Queenstown,man,
0,3,female,19.611317072926973,0,0,26.754358053553016,S,Southampton,woman,
0,3,male,48.4945142009006,2,0,20.459390889494337,S,Southampton,man,B
1,3,female,25.49934879561466,0,0,14.63887603267685,C,Cherbourg,woman,
1,1,female,,0,0,12.713461730535313,S,Southampton,woman,
0,3,male,32.644505742797094,0,3,5.95883610425184,S,Southampton,man,
0,3,male,,0,0,39.09979909228229,S,Southampton,man,G
0,3,female,40.35131582423695,0,0,7.722948254230192,C,Cherbourg,woman,A
0,3,male,40.10884208773098,0,0,18.14124015687371,C,Cherbourg,man,D
1,3,female,4.5205523746654706,0,1,23.005638626895866,S,Southampton,child,
0,3,male,,0,0,8.730579097612335,S,Southampton,man,E
0,3,male,5.7251121675005585,0,0,22.710049059832613,S,Southampton,child,
1,3,female,43.455646860783204,1,0,19.269584535128335,S,Southampton,woman,D
0,3,male,44.77387191558617,0,0,34.356055839713854,S,Southampton,man,
0,1,male,13.726469976987225,0,0,43.64266685936198,C,Cherbourg,child,
0,2,male,23.248599968635812,0,1,15.560826716732267,S,Southampton,man,
0,3,male,13.5201346411969,0,1,8.99533533383099,S,Southampton,child,
0,3,male,25.991105575957704,1,0,13.808883618478498,S,Southampton,man,
0,3,male,24.68752002139962,0,0,12.615517908834413,S,Southampton,man,
1,3,female,39.91524745177076,0,2,9.620894678105433,Q,Queenstown,woman,
0,2,male,47.34432244567452,1,0,15.752197455298214,S,Southampton,man,
1,1,female,48.53957335105939,0,1,42.3571774598325,S,Southampton,woman,
0,3,male,,0,0,39.78168726563619,S,Southampton,man,
1,2,female,,0,2,73.0,S,Southampton,woman,
0,3,male,5.431865308906698,1,0,17.55750179755572,S,Southampton,child,
1,1,female,17.717819069053355,0,2,135.56327840958738,S,Southampton,child,G
0,3,male,42.507922863364406,0,0,15.459566488664862,S,Southampton,man,
0,3,male,51.61815952967524,0,0,21.306231319045718,S,Southampton,man,
0,3,male,11.719115793681091,0,2,15.444056066600293,S,Southampton,child,F
0,3,male,20.70550037185948,0,0,10.09856867247459,S,Southampton,man,
0,2,male,28.630319402575022,0,0,39.60664751607659,Q,Queenstown,man,
0,3,male,,0,0,10.492028798764068,S,Southampton,man,
1,3,female,17.665550721096956,2,1,14.709266919778571,S,Southampton,child,
0,1,male,,1,2,136.83282977433726,S,Southampton,man,
0,3,male,,0,0,14.711113225276963,S,Southampton,man,
0,3,male,28.797668207704092,1,1,15.855082005917772,C,Cherbourg,man,
1,3,female,36.647979472051794,0,0,20.083682285475568,S,Southampton,woman,
0,3,male,29.08991177735313,0,0,26.302841661254096,S,Southampton,man,
0,3,male,22.89059753262804,0,0,12.766243376579418,S,Southampton,man,
0,2,male,27.46546274503837,1,0,13.395512308443125,S,Southampton,man,
0,3,female,27.762918571125304,1,0,9.903988372376523,C,Cherbourg,woman,
1,3,female,,0,3,12.508864343274427,S,Southampton,woman,
0,1,male,25.376855122660565,2,0,98.80600059727207,S,Southampton,man,
1,1,female,51.381060387066036,0,0,54.00144631432832,S,Southampton,woman,
1,2,female,36.85287227117734,1,2,46.260645841313924,C,Cherbourg,woman,F
0,3,male,,3,0,15.314677782887127,S,Southampton,man,
1,3,female,38.7573616631503,0,1,27.64143396214992,C,Cherbourg,woman,
1,1,male,24.32652714341586,1,0,133.0022698204602,S,Southampton,man,
0,3,male,45.423744926212976,0,1,17.191673341181467,C,Cherbourg,man,
0,2,male,34.17499069077331,0,0,38.13540997951546,S,Southampton,man,C
0,3,male,27.497769983940795,0,2,10.908560847133716,C,Cherbourg,man,
0,3,male,35.26803696134389,0,0,7.665153723067357,S,Southampton,man,F
1,3,female,7.007733871041012,2,0,33.09432866285408,C,Cherbourg,child,
0,3,male,13.225255435262726,0,0,9.725000840727722,S,Southampton,child,D
0,2,male,12.285049910413225,0,0,57.178233127413534,S,Southampton,child,
0,2,male,31.001203326691893,1,0,26.3683185836855,S,Southampton,man,
1,1,female,53.255209992791286,2,0,233.33569248001194,S,Southampton,woman,
0,3,male,60.238202046696856,0,0,22.904346443449064,S,Southampton,man,
0,3,male,37.9327154201706,4,0,12.915917509418295,Q,Queenstown,man,
0,3,male,36.011822649222395,0,0,10.63164063284533,Q,Queenstown,man,
0,3,male,3.785191721861654,1,0,15.486985148502265,S,Southampton,child,
1,3,female,21.402566803723694,0,0,48.09962575538754,Q,Queenstown,woman,C
0,3,female,17.971027473284657,0,0,4.2293908714089135,S,Southampton,child,
0,3,male,20.308133624484377,0,0,19.476652344431876,S,Southampton,man,
1,3,female,26.645986539812945,0,0,7.050014113292668,S,Southampton,woman,G
0,2,male,22.390731912240216,0,0,24.030681208419665,S,Southampton,man,
1,3,female,1.2898026547389705,0,0,10.498915105639187,Q,Queenstown,child,D
1,1,male,39.47074358564547,0,1,64.08696520759518,S,Southampton,man,
0,3,male,13.98159763964271,1,0,12.106238794401996,S,Southampton,child,
0,3,male,32.34945609755609,0,0,6.168756715512613,S,Southampton,man,
1,1,female,58.03715737649963,0,0,51.441935969572896,S,Southampton,woman,
0,3,male,,0,0,4.151683411346936,S,Southampton,man,G
0,3,male,0.5,0,0,16.841712696274943,Q,Queenstown,child,C
0,2,male,24.995940893678448,1,0,36.97156809014516,C,Cherbourg,man,
1,1,female,44.413434889979996,1,0,15.753340996113858,C,Cherbourg,woman,
0,3,male,56.416864359088315,0,0,13.755380028151437,S,Southampton,man,A
1,3,female,11.786305677666164,0,0,4.786643082933671,S,Southampton,child,
0,3,female,,1,0,12.476268165596936,S,Southampton,woman,
0,3,male,22.485653605079253,0,0,5.187613969362485,S,Southampton,man,
1,3,female,27.5167230397421,1,0,16.066932061308126,S,Southampton,woman,
0,3,male,66.02080685823849,0,2,6.996329118228512,C,Cherbourg,man,B
1,3,female,7.958415402467857,1,0,9.29432119800795,S,Southampton,child,
0,3,male,32.55235526092403,0,0,14.532240047472273,S,Southampton,man,C
1,2,female,,0,2,20.39603695203769,S,Southampton,woman,
1,1,female,44.201008549150856,2,0,40.21340288332902,S,Southampton,woman,F
1,1,female,30.371764148592536,0,0,247.21900083181745,S,Southampton,woman,
1,3,female,,0,1,17.78802293780521,Q,Queenstown,woman,G
0,3,male,23.516920056094925,0,1,35.12623486484506,S,Southampton,man,
0,3,male,32.767777177431505,0,0,56.0,C,Cherbourg,man,A
1,1,female,24.195308143036254,0,0,85.21876360221853,S,Southampton,woman,
1,1,male,37.70200645798471,0,0,35.78708288952053,S,Southampton,man,
0,1,male,,0,2,90.6823446328258,S,Southampton,man,
1,2,female,,0,0,21.322204047525034,C,Cherbourg,woman,
0,3,female,28.590320608410302,1,0,19.409004402269787,C,Cherbourg,woman,
1,2,female,44.76470351081035,0,1,23.241291548237463,S,Southampton,woman,
0,2,male,28.280487869761192,0,0,42.779127551711625,S,Southampton,man,
1,3,female,4.177545445103661,0,0,10.457446977248157,S,Southampton,child,
0,2,male,46.66690100999588,0,0,49.45210685673293,S,Southampton,man,B
1,3,female,16.319747787923333,0,0,16.203073642439907,Q,Queenstown,child,
0,3,male,19.84727125891652,0,1,6.43651535740599,S,Southampton,man,
1,2,female,20.66074188339111,0,0,22.2723920490924,S,Southampton,woman,
1,3,female,48.242133304391444,0,1,6.46502004553985,S,Southampton,woman,
0,3,male,,0,0,6.488083107225102,S,Southampton,man,A
1,3,female,72.92847947123991,0,0,7.058172229313494,S,Southampton,woman,
0,1,male,43.78479532692472,0,2,91.84537594725091,S,Southampton,man,
1,3,female,32.12534479780823,0,0,8.414318037708128,C,Cherbourg,woman,
0,3,female,28.23148399137199,0,0,5.426001709965964,C,Cherbourg,woman,F
0,2,male,32.997757048007195,0,0,46.73211952884405,S,Southampton,man,
1,3,female,36.295713997310735,1,1,11.950517436811774,C,Cherbourg,woman,F
1,3,female,,0,0,5.997942596263051,S,Southampton,woman,
0,3,male,,0,0,6.104287142559166,S,Southampton,man,
0,2,male,30.254129537573483,0,0,19.396987448113748,S,Southampton,man,
1,3,female,,0,0,7.26930550220311,S,Southampton,woman,
1,2,female,26.882174028850837,0,1,43.7286430485748,S,Southampton,woman,
1,1,female,26.271284075062464,0,0,20.20564875618824,S,Southampton,woman,B
1,1,female,44.8727813561389,1,0,315.8115858260725,S,Southampton,woman,
0,1,male,37.309794111932064,0,0,54.72537394606993,Q,Queenstown,man,
1,1,female,0.5,2,0,25.326801808431718,S,Southampton,child,E
0,1,male,38.18261087141666,0,2,76.07661050421278,S,Southampton,man,B
0,3,male,31.726306726062848,0,0,5.801479829606863,S,Southampton,man,
0,1,male,,0,4,15.69799935192919,S,Southampton,man,
0,2,male,23.5607416567556,0,0,11.339299551052834,S,Southampton,man,
0,3,male,44.73757807980419,0,0,34.40469676460674,C,Cherbourg,man,D
0,3,male,42.26537046972001,0,2,3.5,S,Southampton,man,E
1,3,female,18.179712650469472,0,0,13.69789173135751,S,Southampton,woman,B
0,1,male,,2,0,60.34632252469956,S,Southampton,man,E
0,1,male,15.396805716421996,1,3,42.72705087831688,S,Southampton,child,
1,1,male,9.685345692954971,0,0,81.04724793356719,S,Southampton,child,
0,1,male,20.225958855740487,0,0,166.13334376287793,S,Southampton,man,
0,2,male,41.07350861335863,0,0,13.614280396539646,S,Southampton,man,C
0,1,male,42.34375063526521,0,0,72.44598088227109,S,Southampton,man,
0,1,male,,0,0,95.42783341897155,S,Southampton,man,
1,1,female,39.151341015871964,0,0,49.21217581338887,Q,Queenstown,woman,
0,3,male,,0,0,25.46522841656807,S,Southampton,man,
0,1,male,20.01925766687867,0,1,11.180906660616305,C,Cherbourg,man,B
0,2,male,35.04691562543517,4,0,18.10318796982647,C,Cherbourg,man,
1,3,female,40.205733353187554,1,0,19.789324074586144,S,Southampton,woman,
0,3,male,39.56007861739004,2,0,10.395640131001812,S,Southampton,man,
0,1,male,,0,0,512.0,S,Southampton,man,
0,3,male,38.91625386081489,0,0,8.486065091697949,S,Southampton,man,
0,3,male,,0,1,12.195534067266701,S,Southampton,man,
0,1,male,43.98210333642999,0,0,212.03204554300015,C,Cherbourg,man,G
0,3,male,28.62870237051316,0,1,9.023600203174146,Q,Queenstown,man,
0,3,male,16.653754882811953,0,2,8.938162354576757,S,Southampton,child,
0,1,male,26.717062504787307,0,0,58.80602968723521,S,Southampton,man,A
0,2,male,,0,0,26.947759784519555,S,Southampton,man,
1,3,female,,0,0,10.937838143211604,C,Cherbourg,woman,
1,3,female,,0,0,34.30929386692943,S,Southampton,woman,
1,1,female,17.90612110600054,0,1,13.397331508773908,S,Southampton,child,
1,1,female,24.688538585053436,0,2,58.3305830844839,S,Southampton,woman,
0,2,male,2.489394662647001,0,0,13.28865044734322,S,Southampton,child,
0,3,male,31.98611190322114,0,0,8.1629038632898,Q,Queenstown,man,
0,3,male,29.01687665507114,2,2,3.5,S,Southampton,man,D
0,2,male,17.560759165045333,0,2,24.511512941772864,S,Southampton,child,
1,3,female,38.22943935805367,1,0,7.649467497445052,Q,Queenstown,woman,
0,3,male,42.125981926771814,0,0,7.536808045903805,S,Southampton,man,
1,1,female,6.4941618988343635,0,0,71.47970773211273,S,Southampton,child,C
0,2,male,,0,2,21.919325239890966,S,Southampton,man,E
1,3,female,18.232007102977825,0,0,51.568061896040184,S,Southampton,woman,
0,3,male,15.841356584475895,0,0,13.87827631428143,S,Southampton,child,
0,3,male,40.61264778704448,1,0,9.21783012631241,S,Southampton,man,
0,3,male,,0,0,6.011438972141566,S,Southampton,man,
1,1,male,25.29679222165145,0,0,74.4072820503907,S,Southampton,man,
0,2,male,0.9459268983054514,0,6,8.80432204072905,C,Cherbourg,child,
0,3,male,,2,0,10.502315616824667,C,Cherbourg,man,B
1,2,female,11.650382472051383,0,0,50.79090189337712,S,Southampton,child,
0,2,male,29.839056823728594,0,0,18.255944848954933,S,Southampton,man,
0,2,male,,0,0,30.57033103236423,S,Southampton,man,
0,1,male,,1,0,99.3783007014693,S,Southampton,man,
1,2,female,10.67651441233243,5,0,30.83364709480602,C,Cherbourg,child,
1,1,male,0.5,0,0,33.36214897965522,S,Southampton,child,
0,2,male,31.57389362655173,1,0,16.756580129802526,S,Southampton,man,
0,1,male,54.20715654115195,1,0,20.786965729427436,S,Southampton,man,
0,3,male,,0,0,22.411233622102795,S,Southampton,man,
1,3,female,31.935231813844762,0,2,9.563675812890965,S,Southampton,woman,
0,3,male,22.117093401151337,0,2,4.997252704769399,S,Southampton,man,
0,3,male,,3,0,3.561975506813041,Q,Queenstown,man,
1,3,female,15.370353204137439,0,0,25.958775240341772,C,Cherbourg,child,
0,1,male,35.66900877098707,1,2,33.90626994235229,S,Southampton,man,
0,3,male,36.076582228332775,0,0,12.842810084855655,S,Southampton,man,
0,3,male,,1,1,9.354291461952538,Q,Queenstown,man,
1,3,female,67.63524054475508,0,2,8.869345020423088,S,Southampton,woman,
0,2,male,34.49382354050274,0,0,15.04199603920937,S,Southampton,man,E
1,1,female,21.874509240095016,1,0,74.01107387972031,S,Southampton,woman,
0,2,male,,1,2,32.344778916334235,C,Cherbourg,man,
0,2,male,4.232937331552343,1,0,15.359036484498295,S,Southampton,child,
0,3,male,19.274016164753185,0,0,10.109114980596026,S,Southampton,man,
1,3,female,23.270045866416545,1,0,17.565346782130014,C,Cherbourg,woman,
0,2,male,21.662762428915705,0,0,27.900000606223234,C,Cherbourg,man,
1,3,female,31.132968208472107,0,0,19.62793621102088,Q,Queenstown,woman,
1,3,female,17.486120946649194,0,0,27.37091800561829,S,Southampton,child,
0,1,male,44.6944293425426,0,6,33.73966214163701,S,Southampton,man,
0,1,male,29.00289890885476,0,0,22.09128211077354,C,Cherbourg,man,
0,1,male,28.869795504059397,8,0,100.20398537287016,C,Cherbourg,man,
0,2,male,24.40947396881915,0,0,13.005267235699856,S,Southampton,man,
1,1,female,31.172669574025708,0,0,168.41558961829836,S,Southampton,woman,
1,1,female,40.551375705346885,0,0,83.10389295024241,C,Cherbourg,woman,
0,2,male,16.860176980047395,0,2,28.4897070815918,C,Cherbourg,child,
0,1,male,,0,1,17.75411766347372,S,Southampton,man,
0,3,female,24.747835597126695,2,0,4.877617947415272,S,Southampton,woman,
1,1,male,10.15780707137499,1,0,76.38283628423008,S,Southampton,child,A
1,3,female,17.530389963899033,1,0,20.350813868947515,S,Southampton,child,
0,2,male,22.332907770374774,5,0,17.115855110839874,S,Southampton,man,
1,3,female,41.241448529978186,0,0,26.796447049357234,S,Southampton,woman,G
0,1,male,32.67585860602695,0,0,24.462840122923723,S,Southampton,man,
0,2,male,31.71025875914562,0,5,22.03258691769755,S,Southampton,man,
0,3,male,40.91257147035161,0,0,10.717137060011932,S,Southampton,man,
0,3,male,27.076794962408446,0,0,4.85684775526315,C,Cherbourg,man,D
0,3,male,34.466507899004455,0,1,6.1894460782520015,S,Southampton,man,
1,2,female,27.554895458945055,0,0,17.58688172428772,S,Southampton,woman,
1,1,female,,0,0,45.399825861365464,C,Cherbourg,woman,B
0,3,male,,0,0,15.147001186597208,S,Southampton,man,
0,3,male,0.5,0,0,4.3377400532213075,Q,Queenstown,child,
0,3,male,,0,1,9.82527212617397,C,Cherbourg,man,D
0,3,male,48.91847390539916,0,0,5.84157274832623,S,Southampton,man,
0,2,male,41.967015631382296,0,1,15.664131752513482,Q,Queenstown,man,
0,3,male,42.51556478427639,1,0,8.582855953804273,S,Southampton,man,
0,1,male,46.30583010528705,0,0,15.686152754843395,S,Southampton,man,
0,2,male,30.241206273460126,0,1,20.95478105628047,S,Southampton,man,
0,2,male,31.76241990367834,1,0,28.05102613899302,S,Southampton,man,
0,3,male,20.352873463919096,0,0,29.673261262906763,Q,Queenstown,man,
1,2,female,24.574980015621303,0,0,23.9134402275182,S,Southampton,woman,
0,1,male,,1,0,103.49236026822342,S,Southampton,man,
1,3,female,45.854382120363425,0,0,3.5,S,Southampton,woman,
0,2,male,,1,0,18.954613217040432,S,Southampton,man,
0,3,male,22.697350292080237,1,0,8.695815489067153,S,Southampton,man,
1,1,female,29.007391423992363,0,0,69.53462722650592,S,Southampton,woman,
1,3,female,,0,2,24.86685710159758,C,Cherbourg,woman,
1,3,female,8.786032574130413,0,0,18.18045450037647,S,Southampton,child,B
1,1,male,0.5,0,1,120.93250439473863,C,Cherbourg,child,
0,2,male,21.29248410711783,0,0,21.782273161792478,S,Southampton,man,
1,1,female,11.910026037201778,0,0,59.70892563040161,C,Cherbourg,child,
0,1,male,21.886037232937646,0,1,512.0,S,Southampton,man,
0,3,male,,0,0,6.530398069944034,S,Southampton,man,
0,2,male,22.654522273677813,0,0,40.3878775068045,S,Southampton,man,
0,3,male,49.334545482590435,0,0,15.453262929296478,C,Cherbourg,man,D
1,2,female,33.57442670443248,0,0,13.944359246311965,S,Southampton,woman,
0,3,male,,1,0,7.330922189451699,Q,Queenstown,man,
0,3,male,37.710900016607624,0,0,17.544991774349295,S,Southampton,man,
0,3,male,13.056336351069232,0,1,7.742314470665171,S,Southampton,child,
0,3,male,43.54756502388376,2,0,11.459373108816408,S,Southampton,man,
0,2,male,,0,2,12.184434148519816,Q,Queenstown,man,
0,2,male,38.386728641376976,0,2,21.656706757296185,S,Southampton,man,
0,3,male,13.993998737437824,0,0,4.740802597575674,C,Cherbourg,child,D
1,3,female,7.247377275775101,0,0,6.4783878114342235,C,Cherbourg,child,G
0,3,male,40.450455212350406,0,2,22.12214838453186,S,Southampton,man,
1,1,male,34.269733365365234,0,2,107.35600399177032,S,Southampton,man,
1,3,female,16.371278238994854,0,0,11.275966166806084,C,Cherbourg,child,
1,3,female,,1,0,8.975904567968989,S,Southampton,woman,
0,1,male,44.756086981806774,0,0,93.10417754826264,C,Cherbourg,man,
0,1,male,12.348233499857411,0,0,117.753514671853,S,Southampton,child,A
0,3,male,51.99742134558349,1,0,14.634757368956695,S,Southampton,man,
1,3,female,16.39130971492984,0,0,7.855761869866598,C,Cherbourg,child,
1,3,female,,1,0,7.10930414294496,S,Southampton,woman,
1,1,female,24.399341339514216,0,0,16.869892757563235,S,Southampton,woman,D
0,3,male,37.4446240351528,1,0,9.725541139389787,S,Southampton,man,
1,1,female,,0,0,93.16529760182142,S,Southampton,woman,
0,1,male,26.720899314987882,1,0,105.69836592187272,S,Southampton,man,
1,1,male,29.572868455540096,2,0,351.47282744101307,C,Cherbourg,man,
0,3,male,,0,0,7.503800798818768,S,Southampton,man,
0,3,female,39.37154083588176,0,0,9.631683353396687,S,Southampton,woman,G
0,3,male,21.815010069397808,0,0,30.05524605149041,S,Southampton,man,G
1,2,female,25.79960118523974,0,2,19.114181075823435,S,Southampton,woman,
0,3,male,15.079108755480828,0,0,13.432511111893916,S,Southampton,child,
0,2,male,0.5,0,0,16.38234662806973,Q,Queenstown,child,E
0,3,male,26.325611323597634,0,0,5.541243211720836,C,Cherbourg,man,
0,2,male,62.77661590258082,0,3,14.54986685982967,S,Southampton,man,
1,2,female,,0,0,59.85717438594706,S,Southampton,woman,
0,3,male,28.730354683718474,0,0,8.99995659571682,S,Southampton,man,
1,2,female,25.31952839108425,0,0,15.769308523600667,S,Southampton,woman,F
1,3,female,29.31452249936865,0,0,7.852921396243253,S,Southampton,woman,
1,3,female,36.659667612452935,0,0,56.0,S,Southampton,woman,G
0,1,male,12.46862058567617,0,0,10.762333694243212,S,Southampton,child,E
0,3,male,44.600503725364206,0,0,23.595186209958943,S,Southampton,man,
0,2,male,39.015338416177414,0,0,36.81306413360707,S,Southampton,man,
1,3,female,,0,0,4.64711188649669,Q,Queenstown,woman,
1,3,female,,1,0,15.44020438985596,S,Southampton,woman,G
0,3,male,29.27463320771586,0,1,23.190849173910472,S,Southampton,man,
1,1,female,38.42005730353548,0,0,51.14204870184375,S,Southampton,woman,B
0,3,male,37.28539787237929,0,1,21.740915677725937,S,Southampton,man,B
0,3,male,24.043430046825666,1,0,18.58958961501918,S,Southampton,man,
0,2,male,20.96957517944339,2,0,11.63210403946761,S,Southampton,man,
1,1,female,30.425988133667815,0,0,33.83215257729011,S,Southampton,woman,
0,3,male,50.686282120932624,0,2,6.305570257664489,S,Southampton,man,B
1,3,female,,1,0,9.80628134942781,C,Cherbourg,woman,
1,3,female,,0,0,28.82786908762086,S,Southampton,woman,
1,3,female,31.306651777311234,0,0,4.067206790122143,S,Southampton,woman,
0,3,male,29.712427825984253,0,0,3.5218082698893407,S,Southampton,man,
0,1,male,31.426783301185715,0,0,47.87354103237244,S,Southampton,man,
0,2,male,,2,0,16.723898387207427,S,Southampton,man,
0,2,male,,8,0,21.49299462508497,S,Southampton,man,
0,3,male,49.858088140429146,1,0,21.48139180089543,S,Southampton,man,
1,1,female,6.587344301328784,0,0,14.970459412045473,C,Cherbourg,child,
0,3,male,,1,0,3.9598118101257316,S,Southampton,man,A
0,3,male,27.554433357913336,0,0,41.54133411474591,S,Southampton,man,G
0,3,male,,0,0,6.6970225194291375,S,Southampton,man,
0,2,male,26.538038337951004,1,0,68.86238325250127,Q,Queenstown,man,
0,3,male,52.260582320192256,0,0,23.623264449671886,S,Southampton,man,D
0,1,male,,0,2,61.157859623464276,S,Southampton,man,
1,3,female,32.22981268006157,0,2,11.727846875948769,S,Southampton,woman,
1,1,male,11.357693287583878,1,1,110.86602702714495,S,Southampton,child,
1,2,female,20.370940287447315,0,0,56.46542031003591,S,Southampton,woman,
1,3,female,23.747250675464883,0,0,9.973420297716107,S,Southampton,woman,A
1,1,male,,0,0,320.87939178705165,Q,Queenstown,man,A
1,1,female,46.94301313005276,1,0,33.782323697338256,Q,Queenstown,woman,
0,3,male,36.80767485015174,1,0,19.218480500530475,S,Southampton,man,
0,3,female,13.439588602881553,0,1,7.361645382713212,S,Southampton,child,
0,3,male,32.45106689804807,0,1,27.753523079805106,Q,Queenstown,man,C
1,3,female,35.97510447895499,0,1,13.26629604994572,S,Southampton,woman,
1,3,female,44.96208653929773,3,0,8.13565945083074,S,Southampton,woman,
1,2,female,,0,0,8.094658990664145,S,Southampton,woman,
1,2,female,,2,0,13.67967406256811,S,Southampton,woman,
0,1,male,17.647994843055265,0,0,20.075967457719965,S,Southampton,child,C
0,3,male,11.39390997519537,1,0,6.5678219049866176,S,Southampton,child,
0,3,male,25.72372197250226,1,0,9.111977217129665,S,Southampton,man,
0,2,male,35.529017242248685,1,0,28.847352510799734,S,Southampton,man,
1,3,female,42.82268323224743,3,0,11.884609080229113,S,Southampton,woman,
0,3,male,,0,0,19.103036190314256,S,Southampton,man,
1,1,female,24.522134674432184,0,1,63.38465480672154,C,Cherbourg,woman,A
0,3,male,31.124611891482367,0,0,14.88860615332156,S,Southampton,man,
0,3,female,17.307999377179677,1,1,10.237026405355769,S,Southampton,child,
0,3,male,58.25354210372683,0,0,7.366182768540429,Q,Queenstown,man,
1,1,female,6.492745620347179,0,0,19.682171141296127,Q,Queenstown,child,
1,3,female,31.586368104540142,0,0,10.71106587828017,S,Southampton,woman,
0,3,male,57.33048706921495,0,0,3.5,S,Southampton,man,
0,3,male,29.095197823839968,0,4,7.998277912137638,C,Cherbourg,man,A
1,3,female,26.339453509979077,0,0,7.20309723615021,C,Cherbourg,woman,
0,3,male,23.99576408065402,1,0,16.771313976923537,Q,Queenstown,man,
0,3,male,26.47451645532629,0,0,7.513369176152416,C,Cherbourg,man,
1,1,male,48.219878645471425,0,2,83.91292369353425,S,Southampton,man,
0,3,male,0.5,0,0,30.733890678238968,S,Southampton,child,
0,3,male,50.46807181814856,0,0,22.12284780670345,S,Southampton,man,
0,2,male,,1,0,22.195717677246737,S,Southampton,man,
0,3,male,25.266867390718193,1,0,9.025704316230456,S,Southampton,man,
0,3,male,22.990578115818735,0,0,16.874765959129448,S,Southampton,man,
1,3,female,37.23974577679007,1,0,10.587365113458887,S,Southampton,woman,
0,3,male,6.6262590736275335,1,0,10.830260059373897,C,Cherbourg,child,
1,1,female,35.4704173251472,1,1,478.8309323187818,S,Southampton,woman,D
0,3,male,57.34033472601594,0,0,8.514783149832489,S,Southampton,man,C
0,3,male,,2,0,29.838570320188172,S,Southampton,man,
0,1,male,31.65588634654554,0,0,82.54130740494223,S,Southampton,man,E
0,3,male,19.732249510847474,0,0,17.654952514742416,C,Cherbourg,man,
0,3,male,34.9624208867025,0,0,29.17640362497632,S,Southampton,man,
0,3,male,29.26806888382053,0,0,22.623569583194392,Q,Queenstown,man,C
0,3,male,20.019183273379667,0,0,5.2312410186317155,S,Southampton,man,F
0,2,male,,0,0,34.729262252653484,S,Southampton,man,
1,1,female,54.260873537014405,0,0,13.826108099312046,S,Southampton,woman,
0,2,male,26.32734691581782,1,0,12.776295689515209,S,Southampton,man,
0,3,male,,1,0,6.246511197745008,C,Cherbourg,man,C
1,1,female,,0,0,314.9089854374522,S,Southampton,woman,
0,2,male,,1,0,16.139943098537593,C,Cherbourg,man,B
0,2,male,35.61368789032528,1,2,8.555338231543685,S,Southampton,man,
1,3,female,,1,1,10.177530172326508,C,Cherbourg,woman,
0,3,male,33.97858688299924,0,0,31.359758222199062,S,Southampton,man,
1,2,female,24.61718757267584,1,0,9.186472127015175,C,Cherbourg,woman,
1,2,female,28.990079675926957,2,1,11.698108214818403,S,Southampton,woman,
0,3,male,11.494291724423956,1,1,7.1953111584094085,S,Southampton,child,
0,3,male,37.46321456897513,0,1,14.874251007858776,S,Southampton,man,
1,1,male,41.35266287252773,0,0,134.73024079902356,Q,Queenstown,man,
0,3,male,22.670735340336876,0,0,10.502343488718068,S,Southampton,man,
0,1,male,22.419409931366978,0,1,40.60681307585651,S,Southampton,man,
1,1,female,32.72229521512868,0,0,99.77497401743997,C,Cherbourg,woman,
0,3,male,22.885923695431664,0,0,18.183759275832596,S,Southampton,man,
0,2,male,28.074143395238487,1,0,18.197069615608005,S,Southampton,man,
0,3,female,58.396105048331215,1,0,24.706134930300163,S,Southampton,woman,G
1,2,female,,0,0,24.38213703217503,S,Southampton,woman,
0,3,male,,2,0,5.804179066310031,Q,Queenstown,man,
0,3,male,19.93441472110777,0,0,10.987685925778823,C,Cherbourg,man,
0,1,male,39.418687600999114,0,0,512.0,S,Southampton,man,
0,3,male,26.462861574946558,1,0,13.452218410609929,Q,Queenstown,man,
0,1,male,19.908777463500037,1,0,194.68868485654377,S,Southampton,man,
0,3,male,47.49825645182217,2,0,32.535343372127414,S,Southampton,man,
1,1,female,48.87444206319092,0,0,19.21259688671158,S,Southampton,woman,B
0,2,male,20.594070079658128,1,1,13.6218827863389,S,Southampton,man,
1,1,male,2.868440680951373,0,0,207.18315417529735,S,Southampton,child,B
0,3,male,43.10519165771691,1,0,15.234900964448137,Q,Queenstown,man,
0,3,male,19.415182439359945,1,0,13.462336213348003,C,Cherbourg,man,
1,3,female,,0,1,30.74236959991885,S,Southampton,woman,
1,1,female,,0,0,20.19113917668163,S,Southampton,woman,D
1,3,female,41.49636273619033,1,0,9.559215894659154,C,Cherbourg,woman,
1,1,male,12.043592990069062,0,0,92.33149226685272,Q,Queenstown,child,
0,3,male,39.23069766693134,0,0,13.07398595704159,C,Cherbourg,man,
0,1,male,,1,1,202.2681790536866,S,Southampton,man,
0,1,male,15.644848128446972,0,1,153.06984403894432,C,Cherbourg,child,
0,1,male,23.30149161902507,1,0,212.32944852456686,S,Southampton,man,
1,3,female,38.60845839739381,0,0,13.818454547089424,S,Southampton,woman,
0,3,male,30.48252234361328,0,0,17.621123664269287,S,Southampton,man,
0,1,male,37.18178172661478,1,0,57.647662354592924,S,Southampton,man,
0,3,male,56.6701681832168,0,0,11.19724659895459,S,Southampton,man,C
0,3,male,7.10061743604528,0,0,8.341602283616194,S,Southampton,child,E
0,3,male,,1,0,17.45577277153043,S,Southampton,man,
1,2,female,,0,0,10.351324034764227,C,Cherbourg,woman,
1,2,female,16.417023323476204,0,2,24.808085286606172,S,Southampton,child,
1,3,female,10.375609239654143,0,0,28.543275289107335,S,Southampton,child,
0,1,male,26.352314529121532,1,1,102.09475864974316,S,Southampton,man,
0,1,male,41.90310156694243,1,0,210.8451754250677,Q,Queenstown,man,
0,3,male,27.214312314714523,1,0,28.08266641947644,S,Southampton,man,
0,3,male,50.156169023462866,0,0,12.343545473132409,S,Southampton,man,E
1,2,female,8.683540339278174,1,0,16.23360722380332,S,Southampton,child,
0,2,male,28.830754730155235,0,0,61.75642139473535,C,Cherbourg,man,A
0,3,male,11.466491778216334,1,0,7.885955162417575,Q,Queenstown,child,
0,2,male,34.09084635674955,0,6,27.89298990386837,S,Southampton,man,
0,1,male,41.41642346136221,1,0,10.446525407259914,S,Southampton,man,
1,1,female,23.109334888465256,1,0,140.7495003369867,C,Cherbourg,woman,A
0,3,male,,0,2,48.93936452751465,S,Southampton,man,
0,3,male,31.78527405515092,0,0,5.236346036980703,S,Southampton,man,
0,1,male,35.11433972426913,1,0,167.85279043931789,S,Southampton,man,F
0,1,male,,0,0,114.41792409779154,S,Southampton,man,
1,1,female,46.30095068551016,3,1,146.395226240721,S,Southampton,woman,
1,3,female,14.005248484913317,0,2,6.582542767452435,S,Southampton,child,D
1,1,female,,0,2,456.34846281735315,S,Southampton,woman,
1,1,female,45.69510517469165,0,0,512.0,Q,Queenstown,woman,
0,3,male,4.099773823908762,0,1,11.963282476718078,S,Southampton,child,
1,1,female,,2,0,441.59959090669787,C,Cherbourg,woman,
0,3,male,21.941482365892597,0,0,4.32997995848888,S,Southampton,man,
0,1,male,27.858682576576957,1,0,40.56422148106967,S,Southampton,man,
1,1,female,,0,0,93.77748064046988,S,Southampton,woman,
0,2,male,22.178800102410268,0,3,10.8736685362006,Q,Queenstown,man,
1,3,female,19.540086891737435,0,2,10.776701808823777,C,Cherbourg,woman,D
